j000	DIFFERENT	detail differs
j001	DIFFERENT	detail differs
j002	SAME	equivalent
j003	DIFFERENT	detail differs
j004	DIFFERENT	detail differs
j005	DIFFERENT	detail differs
j006	SAME	equivalent
j007	SAME	equivalent
j008	SAME	equivalent
j009	DIFFERENT	detail differs
j010	DIFFERENT	detail differs
j011	DIFFERENT	detail differs
j012	DIFFERENT	detail differs
j013	SAME	equivalent
j014	DIFFERENT	detail differs
j015	DIFFERENT	detail differs
j016	SAME	equivalent
j017	DIFFERENT	detail differs
j018	DIFFERENT	detail differs
j019	DIFFERENT	detail differs
j020	DIFFERENT	detail differs
j021	DIFFERENT	detail differs
j022	DIFFERENT	detail differs
j023	DIFFERENT	detail differs
j024	DIFFERENT	detail differs
j025	DIFFERENT	detail differs
j026	DIFFERENT	detail differs
j027	DIFFERENT	detail differs
j028	DIFFERENT	detail differs
j029	SAME	equivalent
j030	DIFFERENT	detail differs
j031	SAME	equivalent
j032	SAME	equivalent
j033	DIFFERENT	detail differs
j034	DIFFERENT	detail differs
j035	DIFFERENT	detail differs
j036	DIFFERENT	detail differs
j037	SAME	equivalent
j038	SAME	equivalent
j039	SAME	equivalent
j040	DIFFERENT	detail differs
j041	DIFFERENT	detail differs
j042	DIFFERENT	detail differs
j043	DIFFERENT	detail differs
j044	DIFFERENT	detail differs
j045	DIFFERENT	detail differs
j046	DIFFERENT	detail differs
j047	DIFFERENT	detail differs
j048	DIFFERENT	detail differs
j049	DIFFERENT	detail differs
j050	SAME	equivalent
j051	DIFFERENT	detail differs
j052	DIFFERENT	detail differs
j053	SAME	equivalent
j054	DIFFERENT	detail differs
j055	DIFFERENT	detail differs
j056	DIFFERENT	detail differs
j057	DIFFERENT	detail differs
j058	SAME	equivalent
j059	SAME	equivalent
j060	DIFFERENT	detail differs
j061	DIFFERENT	detail differs
j062	DIFFERENT	detail differs
j063	DIFFERENT	detail differs
j064	SAME	equivalent
j065	DIFFERENT	detail differs
j066	DIFFERENT	detail differs
j067	DIFFERENT	detail differs
j068	DIFFERENT	detail differs
j069	SAME	equivalent
j070	SAME	equivalent
j071	DIFFERENT	detail differs
j072	SAME	equivalent
j073	DIFFERENT	detail differs
j074	DIFFERENT	detail differs
j075	DIFFERENT	detail differs
j076	SAME	equivalent
j077	DIFFERENT	detail differs
j078	DIFFERENT	detail differs
j079	DIFFERENT	detail differs
j080	SAME	equivalent
j081	DIFFERENT	detail differs
j082	DIFFERENT	detail differs
j083	DIFFERENT	detail differs
j084	DIFFERENT	detail differs
j085	DIFFERENT	detail differs
j086	DIFFERENT	detail differs
j087	DIFFERENT	detail differs
j088	SAME	equivalent
j089	DIFFERENT	detail differs
j090	SAME	equivalent
j091	SAME	equivalent
j092	DIFFERENT	detail differs
j093	DIFFERENT	detail differs
j094	SAME	equivalent
j095	DIFFERENT	detail differs
j096	DIFFERENT	detail differs
j097	DIFFERENT	detail differs
j098	DIFFERENT	detail differs
j099	DIFFERENT	detail differs
j100	DIFFERENT	detail differs
j101	DIFFERENT	detail differs
j102	DIFFERENT	detail differs
j103	DIFFERENT	detail differs
j104	SAME	equivalent
j105	SAME	equivalent
j106	SAME	equivalent
j107	DIFFERENT	detail differs
j108	DIFFERENT	detail differs
j109	DIFFERENT	detail differs
j110	DIFFERENT	detail differs
j111	DIFFERENT	detail differs
j112	DIFFERENT	detail differs
j113	DIFFERENT	detail differs
j114	DIFFERENT	detail differs
j115	DIFFERENT	detail differs
j116	SAME	equivalent
j117	DIFFERENT	detail differs
j118	DIFFERENT	detail differs
j119	DIFFERENT	detail differs
