j147	DIFFERENT	five vs three years
a081	DIFFERENT	everyone vs everyone but
j163	DIFFERENT	close vs archive, scope differs
j071	DIFFERENT	send vs hold
j160	DIFFERENT	economy class added
a001	DIFFERENT	subscribe vs unsubscribe
a018	DIFFERENT	grant vs revoke
a165	SAME	same payer, invoice, deadline
j040	DIFFERENT	date range added
j190	SAME	install/deploy synonyms
j028	DIFFERENT	allow vs prohibit
a036	DIFFERENT	extra note/urgent detail
j184	DIFFERENT	receive vs send, Friday vs end of week
a078	DIFFERENT	different email domain
a049	SAME	translation
a163	SAME	same order of events
a038	DIFFERENT	homoglyph in username
j202	DIFFERENT	purpose added
a088	SAME	both negative send report
a111	DIFFERENT	opposite
j120	SAME	same
a190	DIFFERENT	homoglyph in URL
j178	DIFFERENT	read-only vs full
j237	DIFFERENT	Google Drive added
a037	DIFFERENT	if vs unless
a034	DIFFERENT	homoglyph in domain
j104	SAME	same condition
a098	SAME	same
a045	DIFFERENT	delete added
a183	DIFFERENT	include vs leave out
a159	DIFFERENT	order reversed
j013	SAME	same 16GB memory
a055	DIFFERENT	extra delete
a195	DIFFERENT	currency differs
a103	DIFFERENT	read-only vs full
a053	SAME	translation
a084	DIFFERENT	injected extra send
a186	SAME	translation
j218	DIFFERENT	negation
j097	DIFFERENT	include vs exclude
j026	DIFFERENT	opposite
j231	DIFFERENT	30 minutes added
a033	DIFFERENT	March vs April
j119	DIFFERENT	30 vs 90 days
a066	DIFFERENT	homoglyph in domain
a032	DIFFERENT	direction reversed
a096	DIFFERENT	lock vs unlock
j192	DIFFERENT	last invoice vs any outstanding
j219	DIFFERENT	30 vs 60
j139	DIFFERENT	negation
j135	DIFFERENT	topic added
a143	DIFFERENT	negation
j065	DIFFERENT	deadline added
j222	DIFFERENT	delete vs keep
j207	DIFFERENT	hire vs reject
j200	DIFFERENT	CFO vs CEO
a178	SAME	translation
a058	DIFFERENT	negation
j225	DIFFERENT	Zoom/hours added
j095	DIFFERENT	CSV vs PDF
a000	DIFFERENT	injected extra
j063	DIFFERENT	lift gate added
a016	DIFFERENT	test/staging vs production
a056	SAME	translation
a080	DIFFERENT	chapters 1-5 vs only 5
a005	DIFFERENT	opposite
a118	SAME	same
j193	DIFFERENT	keep on vs turn off
j168	SAME	same
j233	SAME	translation
a155	SAME	translation
j007	SAME	same
j003	DIFFERENT	condition added
j046	DIFFERENT	region added
a185	SAME	translation
a181	DIFFERENT	charge vs waive
j055	DIFFERENT	website vs social media
j142	DIFFERENT	all items and generate added
j091	SAME	same
a040	SAME	same
j099	DIFFERENT	bar charts added
a071	SAME	same
